,station_id,variable,file_name
0,6088001,IN,SH_MIN006088001.csv
1,13054001,IN,SH_MIN113054001.csv
2,16089001,IN,SH_MIN016089001.csv
3,18033001,IN,SH_MIN018033001.csv
4,21473001,IN,SH_MIN021473001.csv
5,25056001,IN,SH_MIN125056001.csv
6,26198001,IN,SH_MIN126198001.csv
7,28070001,IN,SH_MIN028070001.csv
8,29075001,IN,SH_MIN029075001.csv
9,30189001,IN,SH_MIN130189001.csv
10,31069001,IN,SH_MIN131069001.csv
11,33281001,IN,SH_MIN133281001.csv
12,34154001,IN,SH_MIN034154001.csv
13,35281001,IN,SH_MIN135281001.csv
14,37179001,IN,SH_MIN137179001.csv
15,43062001,IN,SH_MIN143062001.csv
16,44020001,IN,SH_MIN144020001.csv
17,45055001,IN,SH_MIN145055001.csv
18,51449002,IN,SH_MIN051449002.csv
19,54526001,IN,SH_MIN154526001.csv
20,60639001,IN,SH_MIN060639001.csv
21,63113001,IN,SH_MIN063113001.csv
22,64549001,IN,SH_MIN164549001.csv
23,66136001,IN,SH_MIN166136001.csv
24,67124001,IN,SH_MIN067124001.csv
25,69029001,IN,SH_MIN169029001.csv
26,75114001,IN,SH_MIN175114001.csv
27,1034004,RR,SH_MRR101034004.csv
28,1072001,RR,SH_MRR101072001.csv
29,1089001,RR,SH_MRR101089001.csv
30,1143002,RR,SH_MRR101143002.csv
31,1235001,RR,SH_MRR001235001.csv
32,1247003,RR,SH_MRR001247003.csv
33,1367002,RR,SH_MRR101367002.csv
34,2058001,RR,SH_MRR102058001.csv
35,2320001,RR,SH_MRR102320001.csv
36,2346001,RR,SH_MRR102346001.csv
37,2471001,RR,SH_MRR002471001.csv
38,2585001,RR,SH_MRR102585001.csv
39,2738001,RR,SH_MRR002738001.csv
40,3059001,RR,SH_MRR003059001.csv
41,3060001,RR,SH_MRR103060001.csv
42,3074001,RR,SH_MRR103074001.csv
43,3100001,RR,SH_MRR103100001.csv
44,3125001,RR,SH_MRR003125001.csv
45,3130002,RR,SH_MRR103130002.csv
46,3162001,RR,SH_MRR103162001.csv
47,3185007,RR,SH_MRR003185007.csv
48,3204001,RR,SH_MRR103204001.csv
49,3310001,RR,SH_MRR103310001.csv
50,3321001,RR,SH_MRR103321001.csv
51,4039001,RR,SH_MRR104039001.csv
52,4041001,RR,SH_MRR004041001.csv
53,4049001,RR,SH_MRR104049001.csv
54,4070009,RR,SH_MRR104070009.csv
55,4088001,RR,SH_MRR104088001.csv
56,4096002,RR,SH_MRR104096002.csv
57,4230001,RR,SH_MRR104230001.csv
58,5004001,RR,SH_MRR105004001.csv
59,5007001,RR,SH_MRR105007001.csv
60,5013003,RR,SH_MRR005013003.csv
61,5026001,RR,SH_MRR105026001.csv
62,5027001,RR,SH_MRR005027001.csv
63,5032002,RR,SH_MRR105032002.csv
64,5038001,RR,SH_MRR105038001.csv
65,5046001,RR,SH_MRR105046001.csv
66,5063001,RR,SH_MRR105063001.csv
67,5064001,RR,SH_MRR105064001.csv
68,5070001,RR,SH_MRR105070001.csv
69,5079001,RR,SH_MRR105079001.csv
70,5090002,RR,SH_MRR005090002.csv
71,5093001,RR,SH_MRR105093001.csv
72,5098001,RR,SH_MRR105098001.csv
73,5101001,RR,SH_MRR105101001.csv
74,5110001,RR,SH_MRR005110001.csv
75,5127001,RR,SH_MRR105127001.csv
76,5132001,RR,SH_MRR105132001.csv
77,5139002,RR,SH_MRR105139002.csv
78,5139006,RR,SH_MRR105139006.csv
79,5142001,RR,SH_MRR105142001.csv
80,5157001,RR,SH_MRR105157001.csv
81,5182001,RR,SH_MRR105182001.csv
82,6004002,RR,SH_MRR106004002.csv
83,6004004,RR,SH_MRR106004004.csv
84,6016001,RR,SH_MRR106016001.csv
85,6023004,RR,SH_MRR106023004.csv
86,6029001,RR,SH_MRR106029001.csv
87,6050002,RR,SH_MRR106050002.csv
88,6071001,RR,SH_MRR106071001.csv
89,6077006,RR,SH_MRR006077006.csv
90,6086001,RR,SH_MRR106086001.csv
91,6088001,RR,SH_MRR106088001.csv
92,6088007,RR,SH_MRR106088007.csv
93,6094002,RR,SH_MRR006094002.csv
94,6118002,RR,SH_MRR006118002.csv
95,6163001,RR,SH_MRR006163001.csv
96,6163007,RR,SH_MRR106163007.csv
97,7005001,RR,SH_MRR107005001.csv
98,7010001,RR,SH_MRR107010001.csv
99,7011002,RR,SH_MRR107011002.csv
100,7019005,RR,SH_MRR107019005.csv
101,7033001,RR,SH_MRR107033001.csv
102,7064001,RR,SH_MRR107064001.csv
103,7068001,RR,SH_MRR107068001.csv
104,7075001,RR,SH_MRR107075001.csv
105,7101001,RR,SH_MRR107101001.csv
106,7105001,RR,SH_MRR107105001.csv
107,7117001,RR,SH_MRR007117001.csv
108,7117002,RR,SH_MRR007117002.csv
109,7119001,RR,SH_MRR107119001.csv
110,7128001,RR,SH_MRR007128001.csv
111,7129001,RR,SH_MRR107129001.csv
112,7144001,RR,SH_MRR107144001.csv
113,7153001,RR,SH_MRR107153001.csv
114,7159001,RR,SH_MRR107159001.csv
115,7161001,RR,SH_MRR107161001.csv
116,7172002,RR,SH_MRR007172002.csv
117,7186001,RR,SH_MRR007186001.csv
118,7232001,RR,SH_MRR107232001.csv
119,7240001,RR,SH_MRR107240001.csv
120,7261001,RR,SH_MRR107261001.csv
121,7279001,RR,SH_MRR107279001.csv
122,7286002,RR,SH_MRR107286002.csv
123,7331001,RR,SH_MRR107331001.csv
124,7338001,RR,SH_MRR107338001.csv
125,7347001,RR,SH_MRR107347001.csv
126,8105005,RR,SH_MRR008105005.csv
127,8116001,RR,SH_MRR208116001.csv
128,8207001,RR,SH_MRR108207001.csv
129,8239001,RR,SH_MRR108239001.csv
130,8255001,RR,SH_MRR008255001.csv
131,8367002,RR,SH_MRR108367002.csv
132,8419001,RR,SH_MRR108419001.csv
133,9023002,RR,SH_MRR009023002.csv
134,9027001,RR,SH_MRR109027001.csv
135,9029004,RR,SH_MRR009029004.csv
136,9047001,RR,SH_MRR109047001.csv
137,9100004,RR,SH_MRR009100004.csv
138,9181003,RR,SH_MRR109181003.csv
139,9289001,RR,SH_MRR109289001.csv
140,9306003,RR,SH_MRR009306003.csv
141,9328001,RR,SH_MRR109328001.csv
142,10030001,RR,SH_MRR110030001.csv
143,10042001,RR,SH_MRR110042001.csv
144,10057001,RR,SH_MRR110057001.csv
145,10130001,RR,SH_MRR110130001.csv
146,10238001,RR,SH_MRR110238001.csv
147,10261001,RR,SH_MRR110261001.csv
148,10323001,RR,SH_MRR110323001.csv
149,10350001,RR,SH_MRR010350001.csv
150,10401001,RR,SH_MRR110401001.csv
151,10419001,RR,SH_MRR110419001.csv
152,11012001,RR,SH_MRR111012001.csv
153,11015001,RR,SH_MRR111015001.csv
154,11028001,RR,SH_MRR111028001.csv
155,11069001,RR,SH_MRR111069001.csv
156,11076001,RR,SH_MRR211076001.csv
157,11144001,RR,SH_MRR111144001.csv
158,11262005,RR,SH_MRR011262005.csv
159,11388001,RR,SH_MRR011388001.csv
160,12011001,RR,SH_MRR112011001.csv
161,12036002,RR,SH_MRR012036002.csv
162,12094002,RR,SH_MRR112094002.csv
163,12096001,RR,SH_MRR112096001.csv
164,12116002,RR,SH_MRR012116002.csv
165,12150001,RR,SH_MRR112150001.csv
166,12179001,RR,SH_MRR012179001.csv
167,12224001,RR,SH_MRR112224001.csv
168,12253001,RR,SH_MRR012253001.csv
169,12254001,RR,SH_MRR012254001.csv
170,12294003,RR,SH_MRR012294003.csv
171,12298001,RR,SH_MRR112298001.csv
172,12300004,RR,SH_MRR012300004.csv
173,13001009,RR,SH_MRR113001009.csv
174,13005003,RR,SH_MRR313005003.csv
175,13030001,RR,SH_MRR313030001.csv
176,13036003,RR,SH_MRR113036003.csv
177,13047001,RR,SH_MRR213047001.csv
178,13054001,RR,SH_MRR313054001.csv
179,13055001,RR,SH_MRR313055001.csv
180,13092001,RR,SH_MRR213092001.csv
181,13103001,RR,SH_MRR313103001.csv
182,13108004,RR,SH_MRR113108004.csv
183,13110003,RR,SH_MRR213110003.csv
184,14047002,RR,SH_MRR014047002.csv
185,14066001,RR,SH_MRR114066001.csv
186,14096001,RR,SH_MRR214096001.csv
187,14137001,RR,SH_MRR114137001.csv
188,14239001,RR,SH_MRR114239001.csv
189,14578001,RR,SH_MRR214578001.csv
190,14634001,RR,SH_MRR014634001.csv
191,15014004,RR,SH_MRR015014004.csv
192,15050001,RR,SH_MRR015050001.csv
193,15085001,RR,SH_MRR115085001.csv
194,15118002,RR,SH_MRR015118002.csv
195,15119001,RR,SH_MRR115119001.csv
196,15162003,RR,SH_MRR015162003.csv
197,15187006,RR,SH_MRR115187006.csv
198,15191001,RR,SH_MRR115191001.csv
199,16028001,RR,SH_MRR116028001.csv
200,16089001,RR,SH_MRR116089001.csv
201,16113001,RR,SH_MRR116113001.csv
202,16193001,RR,SH_MRR116193001.csv
203,16256001,RR,SH_MRR116256001.csv
204,16390001,RR,SH_MRR116390001.csv
205,17093002,RR,SH_MRR017093002.csv
206,17111001,RR,SH_MRR017111001.csv
207,17218001,RR,SH_MRR117218001.csv
208,17224001,RR,SH_MRR117224001.csv
209,17243002,RR,SH_MRR017243002.csv
210,17268002,RR,SH_MRR117268002.csv
211,17300009,RR,SH_MRR017300009.csv
212,17306004,RR,SH_MRR017306004.csv
213,17318001,RR,SH_MRR117318001.csv
214,17323001,RR,SH_MRR117323001.csv
215,17353001,RR,SH_MRR117353001.csv
216,17415003,RR,SH_MRR117415003.csv
217,18003003,RR,SH_MRR118003003.csv
218,18015003,RR,SH_MRR118015003.csv
219,18033001,RR,SH_MRR118033001.csv
220,18036001,RR,SH_MRR118036001.csv
221,18037001,RR,SH_MRR118037001.csv
222,18047001,RR,SH_MRR118047001.csv
223,18057003,RR,SH_MRR118057003.csv
224,18087001,RR,SH_MRR118087001.csv
225,18089001,RR,SH_MRR118089001.csv
226,18092001,RR,SH_MRR118092001.csv
227,18109002,RR,SH_MRR018109002.csv
228,18125004,RR,SH_MRR118125004.csv
229,18172003,RR,SH_MRR018172003.csv
230,18175003,RR,SH_MRR018175003.csv
231,18187004,RR,SH_MRR018187004.csv
232,18207003,RR,SH_MRR118207003.csv
233,18223003,RR,SH_MRR018223003.csv
234,18231001,RR,SH_MRR118231001.csv
235,18242001,RR,SH_MRR118242001.csv
236,18279001,RR,SH_MRR118279001.csv
237,19010001,RR,SH_MRR119010001.csv
238,19016001,RR,SH_MRR119016001.csv
239,19033001,RR,SH_MRR119033001.csv
240,19034001,RR,SH_MRR119034001.csv
241,19073006,RR,SH_MRR119073006.csv
242,19125001,RR,SH_MRR119125001.csv
243,19136002,RR,SH_MRR119136002.csv
244,19139001,RR,SH_MRR119139001.csv
245,19157001,RR,SH_MRR119157001.csv
246,19237001,RR,SH_MRR119237001.csv
247,19272001,RR,SH_MRR119272001.csv
248,19275001,RR,SH_MRR119275001.csv
249,19288004,RR,SH_MRR119288004.csv
250,20004002,RR,SH_MRR120004002.csv
251,20004003,RR,SH_MRR120004003.csv
252,20040001,RR,SH_MRR020040001.csv
253,20108002,RR,SH_MRR020108002.csv
254,20211001,RR,SH_MRR120211001.csv
255,20272001,RR,SH_MRR120272001.csv
256,20312001,RR,SH_MRR020312001.csv
257,21154001,RR,SH_MRR221154001.csv
258,21231001,RR,SH_MRR121231001.csv
259,21310001,RR,SH_MRR221310001.csv
260,21386001,RR,SH_MRR221386001.csv
261,21454001,RR,SH_MRR221454001.csv
262,21473001,RR,SH_MRR221473001.csv
263,21501003,RR,SH_MRR221501003.csv
264,21503001,RR,SH_MRR221503001.csv
265,21519001,RR,SH_MRR221519001.csv
266,21527001,RR,SH_MRR021527001.csv
267,21564001,RR,SH_MRR121564001.csv
268,21567001,RR,SH_MRR221567001.csv
269,22113006,RR,SH_MRR122113006.csv
270,22147006,RR,SH_MRR122147006.csv
271,22168001,RR,SH_MRR122168001.csv
272,22243001,RR,SH_MRR022243001.csv
273,22266001,RR,SH_MRR122266001.csv
274,23008004,RR,SH_MRR123008004.csv
275,23013001,RR,SH_MRR123013001.csv
276,23021001,RR,SH_MRR123021001.csv
277,23025001,RR,SH_MRR123025001.csv
278,23030004,RR,SH_MRR123030004.csv
279,23031002,RR,SH_MRR123031002.csv
280,23046001,RR,SH_MRR123046001.csv
281,23069002,RR,SH_MRR123069002.csv
282,23075001,RR,SH_MRR123075001.csv
283,23090003,RR,SH_MRR123090003.csv
284,23155001,RR,SH_MRR123155001.csv
285,23176001,RR,SH_MRR223176001.csv
286,24037005,RR,SH_MRR024037005.csv
287,24172001,RR,SH_MRR124172001.csv
288,24291001,RR,SH_MRR124291001.csv
289,24452001,RR,SH_MRR124452001.csv
290,25021001,RR,SH_MRR125021001.csv
291,25047001,RR,SH_MRR125047001.csv
292,25056001,RR,SH_MRR125056001.csv
293,25127001,RR,SH_MRR125127001.csv
294,25254001,RR,SH_MRR025254001.csv
295,25285001,RR,SH_MRR025285001.csv
296,25320001,RR,SH_MRR125320001.csv
297,25372001,RR,SH_MRR125372001.csv
298,25413001,RR,SH_MRR125413001.csv
299,25453001,RR,SH_MRR125453001.csv
300,25462001,RR,SH_MRR125462001.csv
301,25621001,RR,SH_MRR125621001.csv
302,26035001,RR,SH_MRR126035001.csv
303,26047001,RR,SH_MRR126047001.csv
304,26059001,RR,SH_MRR026059001.csv
305,26113003,RR,SH_MRR126113003.csv
306,26116002,RR,SH_MRR126116002.csv
307,26168001,RR,SH_MRR126168001.csv
308,26182001,RR,SH_MRR126182001.csv
309,26198001,RR,SH_MRR126198001.csv
310,26211001,RR,SH_MRR126211001.csv
311,26258001,RR,SH_MRR126258001.csv
312,26295001,RR,SH_MRR026295001.csv
313,26307001,RR,SH_MRR126307001.csv
314,26327001,RR,SH_MRR126327001.csv
315,26330001,RR,SH_MRR126330001.csv
316,27016001,RR,SH_MRR127016001.csv
317,27112001,RR,SH_MRR027112001.csv
318,27306001,RR,SH_MRR127306001.csv
319,27375001,RR,SH_MRR027375001.csv
320,28070001,RR,SH_MRR228070001.csv
321,28195001,RR,SH_MRR128195001.csv
322,28198001,RR,SH_MRR228198001.csv
323,28239002,RR,SH_MRR028239002.csv
324,28280001,RR,SH_MRR228280001.csv
325,28322001,RR,SH_MRR228322001.csv
326,28363001,RR,SH_MRR128363001.csv
327,28373002,RR,SH_MRR128373002.csv
328,28386001,RR,SH_MRR128386001.csv
329,29018001,RR,SH_MRR129018001.csv
330,29041002,RR,SH_MRR129041002.csv
331,29075001,RR,SH_MRR129075001.csv
332,29082001,RR,SH_MRR129082001.csv
333,29120001,RR,SH_MRR129120001.csv
334,29155005,RR,SH_MRR129155005.csv
335,29158001,RR,SH_MRR129158001.csv
336,29163003,RR,SH_MRR129163003.csv
337,29168001,RR,SH_MRR129168001.csv
338,29178001,RR,SH_MRR029178001.csv
339,30009001,RR,SH_MRR230009001.csv
340,30076001,RR,SH_MRR130076001.csv
341,30129001,RR,SH_MRR230129001.csv
342,30153003,RR,SH_MRR030153003.csv
343,30189001,RR,SH_MRR230189001.csv
344,30202002,RR,SH_MRR230202002.csv
345,30212002,RR,SH_MRR230212002.csv
346,30224001,RR,SH_MRR230224001.csv
347,30243001,RR,SH_MRR230243001.csv
348,30258001,RR,SH_MRR130258001.csv
349,30263001,RR,SH_MRR230263001.csv
350,30269006,RR,SH_MRR130269006.csv
351,30305001,RR,SH_MRR130305001.csv
352,30334003,RR,SH_MRR230334003.csv
353,30349001,RR,SH_MRR030349001.csv
354,30350001,RR,SH_MRR130350001.csv
355,30352002,RR,SH_MRR230352002.csv
356,31042012,RR,SH_MRR031042012.csv
357,31069001,RR,SH_MRR131069001.csv
358,31070004,RR,SH_MRR131070004.csv
359,31157001,RR,SH_MRR131157001.csv
360,31374001,RR,SH_MRR131374001.csv
361,31403002,RR,SH_MRR131403002.csv
362,31451001,RR,SH_MRR031451001.csv
363,32013005,RR,SH_MRR132013005.csv
364,32132001,RR,SH_MRR132132001.csv
365,32147001,RR,SH_MRR132147001.csv
366,32190001,RR,SH_MRR132190001.csv
367,32256001,RR,SH_MRR132256001.csv
368,32355001,RR,SH_MRR132355001.csv
369,33042001,RR,SH_MRR233042001.csv
370,33063001,RR,SH_MRR133063001.csv
371,33095001,RR,SH_MRR233095001.csv
372,33214002,RR,SH_MRR233214002.csv
373,33236002,RR,SH_MRR233236002.csv
374,33484001,RR,SH_MRR133484001.csv
375,33504001,RR,SH_MRR233504001.csv
376,33529001,RR,SH_MRR233529001.csv
377,34032002,RR,SH_MRR234032002.csv
378,34046005,RR,SH_MRR034046005.csv
379,34064003,RR,SH_MRR134064003.csv
380,34142001,RR,SH_MRR234142001.csv
381,34144001,RR,SH_MRR134144001.csv
382,34151005,RR,SH_MRR134151005.csv
383,34154001,RR,SH_MRR234154001.csv
384,34174002,RR,SH_MRR234174002.csv
385,34178001,RR,SH_MRR034178001.csv
386,34233001,RR,SH_MRR134233001.csv
387,34274001,RR,SH_MRR234274001.csv
388,34277001,RR,SH_MRR134277001.csv
389,34284001,RR,SH_MRR134284001.csv
390,34319001,RR,SH_MRR134319001.csv
391,35026001,RR,SH_MRR135026001.csv
392,35115001,RR,SH_MRR235115001.csv
393,35178001,RR,SH_MRR135178001.csv
394,35202001,RR,SH_MRR135202001.csv
395,35224001,RR,SH_MRR235224001.csv
396,35228001,RR,SH_MRR135228001.csv
397,35238003,RR,SH_MRR235238003.csv
398,35281001,RR,SH_MRR235281001.csv
399,35294001,RR,SH_MRR135294001.csv
400,35347001,RR,SH_MRR135347001.csv
401,36001001,RR,SH_MRR136001001.csv
402,36018001,RR,SH_MRR136018001.csv
403,36034002,RR,SH_MRR136034002.csv
404,36063001,RR,SH_MRR136063001.csv
405,36070001,RR,SH_MRR136070001.csv
406,36088005,RR,SH_MRR036088005.csv
407,36093002,RR,SH_MRR036093002.csv
408,36103001,RR,SH_MRR136103001.csv
409,36113001,RR,SH_MRR136113001.csv
410,36127002,RR,SH_MRR136127002.csv
411,36139001,RR,SH_MRR136139001.csv
412,36141001,RR,SH_MRR136141001.csv
413,36147001,RR,SH_MRR136147001.csv
414,36155001,RR,SH_MRR136155001.csv
415,36186001,RR,SH_MRR136186001.csv
416,36192001,RR,SH_MRR136192001.csv
417,36208001,RR,SH_MRR136208001.csv
418,37023002,RR,SH_MRR137023002.csv
419,37113001,RR,SH_MRR137113001.csv
420,37119001,RR,SH_MRR137119001.csv
421,37122001,RR,SH_MRR137122001.csv
422,37128002,RR,SH_MRR137128002.csv
423,37170001,RR,SH_MRR137170001.csv
424,37179001,RR,SH_MRR137179001.csv
425,37240001,RR,SH_MRR037240001.csv
426,37241001,RR,SH_MRR137241001.csv
427,37253001,RR,SH_MRR137253001.csv
428,38006001,RR,SH_MRR138006001.csv
429,38021001,RR,SH_MRR138021001.csv
430,38034001,RR,SH_MRR138034001.csv
431,38040001,RR,SH_MRR238040001.csv
432,38053003,RR,SH_MRR138053003.csv
433,38082001,RR,SH_MRR238082001.csv
434,38153001,RR,SH_MRR138153001.csv
435,38162001,RR,SH_MRR238162001.csv
436,38242001,RR,SH_MRR138242001.csv
437,38285001,RR,SH_MRR138285001.csv
438,38315002,RR,SH_MRR038315002.csv
439,38349001,RR,SH_MRR038349001.csv
440,38442001,RR,SH_MRR138442001.csv
441,38504001,RR,SH_MRR138504001.csv
442,38527001,RR,SH_MRR138527001.csv
443,39156001,RR,SH_MRR139156001.csv
444,39159002,RR,SH_MRR139159002.csv
445,39177001,RR,SH_MRR039177001.csv
446,39198001,RR,SH_MRR139198001.csv
447,39235001,RR,SH_MRR139235001.csv
448,39240001,RR,SH_MRR139240001.csv
449,39362001,RR,SH_MRR139362001.csv
450,39485002,RR,SH_MRR139485002.csv
451,40031001,RR,SH_MRR140031001.csv
452,40033001,RR,SH_MRR140033001.csv
453,40088001,RR,SH_MRR140088001.csv
454,40134001,RR,SH_MRR140134001.csv
455,40192001,RR,SH_MRR140192001.csv
456,40272002,RR,SH_MRR040272002.csv
457,40286001,RR,SH_MRR140286001.csv
458,40304001,RR,SH_MRR140304001.csv
459,41018001,RR,SH_MRR141018001.csv
460,41050002,RR,SH_MRR141050002.csv
461,41075003,RR,SH_MRR141075003.csv
462,41080001,RR,SH_MRR141080001.csv
463,41106001,RR,SH_MRR141106001.csv
464,41269001,RR,SH_MRR141269001.csv
465,41285001,RR,SH_MRR141285001.csv
466,42005001,RR,SH_MRR142005001.csv
467,42011001,RR,SH_MRR142011001.csv
468,42042001,RR,SH_MRR042042001.csv
469,42059001,RR,SH_MRR042059001.csv
470,42094003,RR,SH_MRR042094003.csv
471,42098001,RR,SH_MRR142098001.csv
472,42145003,RR,SH_MRR142145003.csv
473,42152001,RR,SH_MRR042152001.csv
474,42159001,RR,SH_MRR042159001.csv
475,42165003,RR,SH_MRR142165003.csv
476,42227001,RR,SH_MRR142227001.csv
477,42239001,RR,SH_MRR142239001.csv
478,42287001,RR,SH_MRR142287001.csv
479,42306001,RR,SH_MRR142306001.csv
480,43003001,RR,SH_MRR143003001.csv
481,43037001,RR,SH_MRR143037001.csv
482,43046001,RR,SH_MRR143046001.csv
483,43062001,RR,SH_MRR143062001.csv
484,43071001,RR,SH_MRR143071001.csv
485,43118001,RR,SH_MRR143118001.csv
486,43162001,RR,SH_MRR143162001.csv
487,43244003,RR,SH_MRR143244003.csv
488,43246001,RR,SH_MRR143246001.csv
489,44015001,RR,SH_MRR044015001.csv
490,44020001,RR,SH_MRR144020001.csv
491,44067001,RR,SH_MRR144067001.csv
492,44103001,RR,SH_MRR144103001.csv
493,44109012,RR,SH_MRR044109012.csv
494,44110002,RR,SH_MRR044110002.csv
495,44113001,RR,SH_MRR144113001.csv
496,44117002,RR,SH_MRR044117002.csv
497,44120002,RR,SH_MRR144120002.csv
498,44129001,RR,SH_MRR144129001.csv
499,44131002,RR,SH_MRR144131002.csv
500,44180005,RR,SH_MRR144180005.csv
501,44181001,RR,SH_MRR144181001.csv
502,44188001,RR,SH_MRR144188001.csv
503,45055001,RR,SH_MRR145055001.csv
504,45069001,RR,SH_MRR145069001.csv
505,45145001,RR,SH_MRR145145001.csv
506,45187001,RR,SH_MRR145187001.csv
507,45193001,RR,SH_MRR145193001.csv
508,45245001,RR,SH_MRR045245001.csv
509,45253001,RR,SH_MRR145253001.csv
510,45270002,RR,SH_MRR045270002.csv
511,45340002,RR,SH_MRR145340002.csv
512,46005001,RR,SH_MRR046005001.csv
513,46038002,RR,SH_MRR146038002.csv
514,46127001,RR,SH_MRR046127001.csv
515,46128002,RR,SH_MRR146128002.csv
516,46143001,RR,SH_MRR246143001.csv
517,46160001,RR,SH_MRR146160001.csv
518,46173006,RR,SH_MRR046173006.csv
519,46176001,RR,SH_MRR146176001.csv
520,46201001,RR,SH_MRR246201001.csv
521,46287001,RR,SH_MRR246287001.csv
522,46330002,RR,SH_MRR146330002.csv
523,46332001,RR,SH_MRR146332001.csv
524,47086001,RR,SH_MRR147086001.csv
525,47091001,RR,SH_MRR147091001.csv
526,47138001,RR,SH_MRR147138001.csv
527,47213001,RR,SH_MRR147213001.csv
528,47221001,RR,SH_MRR147221001.csv
529,47327001,RR,SH_MRR247327001.csv
530,48009001,RR,SH_MRR148009001.csv
531,48014003,RR,SH_MRR048014003.csv
532,48019004,RR,SH_MRR048019004.csv
533,48027002,RR,SH_MRR148027002.csv
534,48036001,RR,SH_MRR048036001.csv
535,48043001,RR,SH_MRR248043001.csv
536,48045001,RR,SH_MRR148045001.csv
537,48051002,RR,SH_MRR248051002.csv
538,48061002,RR,SH_MRR248061002.csv
539,48070004,RR,SH_MRR148070004.csv
540,48087002,RR,SH_MRR048087002.csv
541,48095004,RR,SH_MRR248095004.csv
542,48103001,RR,SH_MRR248103001.csv
543,48116001,RR,SH_MRR248116001.csv
544,48126001,RR,SH_MRR148126001.csv
545,48140005,RR,SH_MRR048140005.csv
546,48145005,RR,SH_MRR048145005.csv
547,48146001,RR,SH_MRR248146001.csv
548,48156002,RR,SH_MRR148156002.csv
549,48187003,RR,SH_MRR048187003.csv
550,48198001,RR,SH_MRR148198001.csv
551,49008001,RR,SH_MRR049008001.csv
552,49020001,RR,SH_MRR149020001.csv
553,49022001,RR,SH_MRR149022001.csv
554,49027001,RR,SH_MRR149027001.csv
555,49099003,RR,SH_MRR149099003.csv
556,49188001,RR,SH_MRR049188001.csv
557,49215002,RR,SH_MRR049215002.csv
558,49248003,RR,SH_MRR049248003.csv
559,49276001,RR,SH_MRR149276001.csv
560,49281001,RR,SH_MRR149281001.csv
561,49307001,RR,SH_MRR149307001.csv
562,49328001,RR,SH_MRR149328001.csv
563,49373001,RR,SH_MRR149373001.csv
564,50020001,RR,SH_MRR250020001.csv
565,50082001,RR,SH_MRR250082001.csv
566,50144001,RR,SH_MRR150144001.csv
567,50209001,RR,SH_MRR050209001.csv
568,50298001,RR,SH_MRR150298001.csv
569,50456001,RR,SH_MRR150456001.csv
570,50484002,RR,SH_MRR150484002.csv
571,51009001,RR,SH_MRR151009001.csv
572,51015001,RR,SH_MRR051015001.csv
573,51210001,RR,SH_MRR151210001.csv
574,51242001,RR,SH_MRR151242001.csv
575,51262001,RR,SH_MRR151262001.csv
576,51388003,RR,SH_MRR051388003.csv
577,51449002,RR,SH_MRR051449002.csv
578,51545001,RR,SH_MRR151545001.csv
579,51588001,RR,SH_MRR051588001.csv
580,51590002,RR,SH_MRR151590002.csv
581,52061002,RR,SH_MRR152061002.csv
582,52114001,RR,SH_MRR152114001.csv
583,52123003,RR,SH_MRR052123003.csv
584,52145001,RR,SH_MRR052145001.csv
585,52197003,RR,SH_MRR152197003.csv
586,52269001,RR,SH_MRR152269001.csv
587,52294001,RR,SH_MRR052294001.csv
588,52443001,RR,SH_MRR152443001.csv
589,52447001,RR,SH_MRR152447001.csv
590,52448001,RR,SH_MRR152448001.csv
591,52469001,RR,SH_MRR052469001.csv
592,52529001,RR,SH_MRR152529001.csv
593,53078001,RR,SH_MRR153078001.csv
594,53096004,RR,SH_MRR153096004.csv
595,53097001,RR,SH_MRR153097001.csv
596,53130008,RR,SH_MRR153130008.csv
597,53147001,RR,SH_MRR053147001.csv
598,53185001,RR,SH_MRR153185001.csv
599,54040001,RR,SH_MRR154040001.csv
600,54182001,RR,SH_MRR154182001.csv
601,54322001,RR,SH_MRR154322001.csv
602,54405001,RR,SH_MRR154405001.csv
603,54407001,RR,SH_MRR154407001.csv
604,54415001,RR,SH_MRR154415001.csv
605,54526001,RR,SH_MRR154526001.csv
606,55014001,RR,SH_MRR055014001.csv
607,55067001,RR,SH_MRR155067001.csv
608,55073001,RR,SH_MRR155073001.csv
609,55179001,RR,SH_MRR155179001.csv
610,55248001,RR,SH_MRR055248001.csv
611,55328001,RR,SH_MRR155328001.csv
612,55443001,RR,SH_MRR055443001.csv
613,55531001,RR,SH_MRR055531001.csv
614,56009001,RR,SH_MRR156009001.csv
615,56069001,RR,SH_MRR156069001.csv
616,56185001,RR,SH_MRR156185001.csv
617,56243001,RR,SH_MRR156243001.csv
618,57019001,RR,SH_MRR157019001.csv
619,57039001,RR,SH_MRR157039001.csv
620,57168001,RR,SH_MRR257168001.csv
621,57465001,RR,SH_MRR157465001.csv
622,57469002,RR,SH_MRR157469002.csv
623,57550001,RR,SH_MRR157550001.csv
624,57557001,RR,SH_MRR157557001.csv
625,57730001,RR,SH_MRR157730001.csv
626,57732001,RR,SH_MRR057732001.csv
627,57740001,RR,SH_MRR157740001.csv
628,58062001,RR,SH_MRR158062001.csv
629,58104001,RR,SH_MRR058104001.csv
630,58148001,RR,SH_MRR158148001.csv
631,58149001,RR,SH_MRR158149001.csv
632,58160001,RR,SH_MRR158160001.csv
633,58199001,RR,SH_MRR158199001.csv
634,58264001,RR,SH_MRR058264001.csv
635,59178001,RR,SH_MRR059178001.csv
636,59183001,RR,SH_MRR259183001.csv
637,59343001,RR,SH_MRR259343001.csv
638,59604001,RR,SH_MRR159604001.csv
639,59647001,RR,SH_MRR059647001.csv
640,60107001,RR,SH_MRR160107001.csv
641,60260001,RR,SH_MRR160260001.csv
642,60276001,RR,SH_MRR160276001.csv
643,60363001,RR,SH_MRR060363001.csv
644,60518001,RR,SH_MRR060518001.csv
645,60623001,RR,SH_MRR060623001.csv
646,60639001,RR,SH_MRR260639001.csv
647,60652001,RR,SH_MRR060652001.csv
648,61001001,RR,SH_MRR261001001.csv
649,61328001,RR,SH_MRR161328001.csv
650,61345003,RR,SH_MRR061345003.csv
651,61369001,RR,SH_MRR161369001.csv
652,61377001,RR,SH_MRR161377001.csv
653,61426001,RR,SH_MRR161426001.csv
654,61464001,RR,SH_MRR061464001.csv
655,61479001,RR,SH_MRR161479001.csv
656,61483002,RR,SH_MRR161483002.csv
657,62044001,RR,SH_MRR062044001.csv
658,62160001,RR,SH_MRR262160001.csv
659,62333001,RR,SH_MRR162333001.csv
660,62516002,RR,SH_MRR162516002.csv
661,62685001,RR,SH_MRR062685001.csv
662,62826001,RR,SH_MRR162826001.csv
663,63089001,RR,SH_MRR163089001.csv
664,63113001,RR,SH_MRR163113001.csv
665,63129001,RR,SH_MRR163129001.csv
666,63132002,RR,SH_MRR163132002.csv
667,63163001,RR,SH_MRR063163001.csv
668,63222001,RR,SH_MRR063222001.csv
669,63223001,RR,SH_MRR163223001.csv
670,63281001,RR,SH_MRR163281001.csv
671,63295001,RR,SH_MRR163295001.csv
672,63382001,RR,SH_MRR163382001.csv
673,63426001,RR,SH_MRR163426001.csv
674,64006001,RR,SH_MRR264006001.csv
675,64024001,RR,SH_MRR164024001.csv
676,64092002,RR,SH_MRR264092002.csv
677,64109001,RR,SH_MRR164109001.csv
678,64123001,RR,SH_MRR064123001.csv
679,64157001,RR,SH_MRR164157001.csv
680,64189001,RR,SH_MRR164189001.csv
681,64301002,RR,SH_MRR164301002.csv
682,64316001,RR,SH_MRR164316001.csv
683,64320003,RR,SH_MRR264320003.csv
684,64331002,RR,SH_MRR264331002.csv
685,64342001,RR,SH_MRR164342001.csv
686,64416001,RR,SH_MRR164416001.csv
687,64450001,RR,SH_MRR264450001.csv
688,64480001,RR,SH_MRR164480001.csv
689,64537001,RR,SH_MRR164537001.csv
690,64549001,RR,SH_MRR264549001.csv
691,65031005,RR,SH_MRR065031005.csv
692,65032003,RR,SH_MRR065032003.csv
693,65055001,RR,SH_MRR165055001.csv
694,65123007,RR,SH_MRR065123007.csv
695,65129003,RR,SH_MRR265129003.csv
696,65258001,RR,SH_MRR265258001.csv
697,65295003,RR,SH_MRR165295003.csv
698,65304001,RR,SH_MRR265304001.csv
699,65344001,RR,SH_MRR265344001.csv
700,65388001,RR,SH_MRR165388001.csv
701,66037001,RR,SH_MRR066037001.csv
702,66049001,RR,SH_MRR166049001.csv
703,66136001,RR,SH_MRR266136001.csv
704,66137003,RR,SH_MRR166137003.csv
705,66148001,RR,SH_MRR166148001.csv
706,66183001,RR,SH_MRR066183001.csv
707,66230001,RR,SH_MRR066230001.csv
708,67067001,RR,SH_MRR167067001.csv
709,67115001,RR,SH_MRR267115001.csv
710,67124001,RR,SH_MRR267124001.csv
711,67180001,RR,SH_MRR167180001.csv
712,67482001,RR,SH_MRR267482001.csv
713,67507003,RR,SH_MRR067507003.csv
714,68062001,RR,SH_MRR268062001.csv
715,68066001,RR,SH_MRR268066001.csv
716,68112005,RR,SH_MRR168112005.csv
717,68165001,RR,SH_MRR168165001.csv
718,68171002,RR,SH_MRR168171002.csv
719,68205001,RR,SH_MRR168205001.csv
720,68224006,RR,SH_MRR268224006.csv
721,68231001,RR,SH_MRR268231001.csv
722,68247001,RR,SH_MRR268247001.csv
723,68287001,RR,SH_MRR168287001.csv
724,68297001,RR,SH_MRR268297001.csv
725,68307001,RR,SH_MRR268307001.csv
726,69029001,RR,SH_MRR269029001.csv
727,69135001,RR,SH_MRR069135001.csv
728,69196001,RR,SH_MRR069196001.csv
729,69203001,RR,SH_MRR169203001.csv
730,69204002,RR,SH_MRR269204002.csv
731,69238001,RR,SH_MRR169238001.csv
732,69239002,RR,SH_MRR069239002.csv
733,69264001,RR,SH_MRR169264001.csv
734,70006001,RR,SH_MRR170006001.csv
735,70104001,RR,SH_MRR070104001.csv
736,70165001,RR,SH_MRR170165001.csv
737,70168001,RR,SH_MRR170168001.csv
738,70414001,RR,SH_MRR170414001.csv
739,70447002,RR,SH_MRR070447002.csv
740,70473001,RR,SH_MRR170473001.csv
741,70550001,RR,SH_MRR170550001.csv
742,71010004,RR,SH_MRR171010004.csv
743,71105001,RR,SH_MRR171105001.csv
744,71106001,RR,SH_MRR171106001.csv
745,71190001,RR,SH_MRR171190001.csv
746,71230002,RR,SH_MRR071230002.csv
747,71267001,RR,SH_MRR071267001.csv
748,71340002,RR,SH_MRR171340002.csv
749,71482001,RR,SH_MRR171482001.csv
750,71523001,RR,SH_MRR071523001.csv
751,71589001,RR,SH_MRR071589001.csv
752,72042001,RR,SH_MRR172042001.csv
753,72093001,RR,SH_MRR072093001.csv
754,72137006,RR,SH_MRR172137006.csv
755,72181001,RR,SH_MRR172181001.csv
756,72189001,RR,SH_MRR172189001.csv
757,72237001,RR,SH_MRR172237001.csv
758,72255001,RR,SH_MRR172255001.csv
759,72264001,RR,SH_MRR172264001.csv
760,72339001,RR,SH_MRR172339001.csv
761,72351002,RR,SH_MRR072351002.csv
762,72357001,RR,SH_MRR172357001.csv
763,72361001,RR,SH_MRR072361001.csv
764,72377002,RR,SH_MRR172377002.csv
765,73034002,RR,SH_MRR173034002.csv
766,73054001,RR,SH_MRR173054001.csv
767,73055001,RR,SH_MRR173055001.csv
768,73064001,RR,SH_MRR173064001.csv
769,73132001,RR,SH_MRR173132001.csv
770,73146001,RR,SH_MRR173146001.csv
771,73167001,RR,SH_MRR173167001.csv
772,73181001,RR,SH_MRR173181001.csv
773,73206001,RR,SH_MRR173206001.csv
774,73220001,RR,SH_MRR173220001.csv
775,73229001,RR,SH_MRR073229001.csv
776,73232001,RR,SH_MRR173232001.csv
777,73258001,RR,SH_MRR173258001.csv
778,73261001,RR,SH_MRR173261001.csv
779,74024001,RR,SH_MRR174024001.csv
780,74035001,RR,SH_MRR174035001.csv
781,74051002,RR,SH_MRR174051002.csv
782,74056001,RR,SH_MRR174056001.csv
783,74080002,RR,SH_MRR174080002.csv
784,74081002,RR,SH_MRR174081002.csv
785,74083002,RR,SH_MRR174083002.csv
786,74085001,RR,SH_MRR174085001.csv
787,74087001,RR,SH_MRR174087001.csv
788,74093001,RR,SH_MRR174093001.csv
789,74134002,RR,SH_MRR174134002.csv
790,74137001,RR,SH_MRR174137001.csv
791,74173001,RR,SH_MRR174173001.csv
792,74203001,RR,SH_MRR174203001.csv
793,74211002,RR,SH_MRR174211002.csv
794,74221001,RR,SH_MRR174221001.csv
795,74256001,RR,SH_MRR174256001.csv
796,74258002,RR,SH_MRR174258002.csv
797,74280001,RR,SH_MRR174280001.csv
798,74281001,RR,SH_MRR174281001.csv
799,74285002,RR,SH_MRR174285002.csv
800,74286001,RR,SH_MRR174286001.csv
801,74289001,RR,SH_MRR174289001.csv
802,75106001,RR,SH_MRR175106001.csv
803,75110001,RR,SH_MRR275110001.csv
804,75114001,RR,SH_MRR275114001.csv
805,76217001,RR,SH_MRR176217001.csv
806,76228001,RR,SH_MRR076228001.csv
807,76255002,RR,SH_MRR076255002.csv
808,76259001,RR,SH_MRR176259001.csv
809,76276001,RR,SH_MRR076276001.csv
810,77054001,RR,SH_MRR077054001.csv
811,77084001,RR,SH_MRR077084001.csv
812,77113002,RR,SH_MRR077113002.csv
813,77148002,RR,SH_MRR177148002.csv
814,77159001,RR,SH_MRR177159001.csv
815,77186002,RR,SH_MRR277186002.csv
816,77239001,RR,SH_MRR177239001.csv
817,77306001,RR,SH_MRR177306001.csv
818,77333003,RR,SH_MRR177333003.csv
819,77418001,RR,SH_MRR177418001.csv
820,77489001,RR,SH_MRR177489001.csv
821,77530001,RR,SH_MRR077530001.csv
822,78005002,RR,SH_MRR078005002.csv
823,78380001,RR,SH_MRR178380001.csv
824,78481001,RR,SH_MRR178481001.csv
825,78486002,RR,SH_MRR278486002.csv
826,78620001,RR,SH_MRR178620001.csv
827,78621001,RR,SH_MRR278621001.csv
828,78640001,RR,SH_MRR178640001.csv
829,79017001,RR,SH_MRR179017001.csv
830,79134001,RR,SH_MRR179134001.csv
831,79148001,RR,SH_MRR279148001.csv
832,79176001,RR,SH_MRR179176001.csv
833,79191005,RR,SH_MRR279191005.csv
834,79202003,RR,SH_MRR279202003.csv
835,79270003,RR,SH_MRR179270003.csv
836,79311002,RR,SH_MRR179311002.csv
837,79329001,RR,SH_MRR179329001.csv
838,80001001,RR,SH_MRR180001001.csv
839,80041001,RR,SH_MRR080041001.csv
840,80086002,RR,SH_MRR180086002.csv
841,80248001,RR,SH_MRR080248001.csv
842,80253002,RR,SH_MRR280253002.csv
843,80271002,RR,SH_MRR180271002.csv
844,80379002,RR,SH_MRR280379002.csv
845,80523001,RR,SH_MRR080523001.csv
846,80628001,RR,SH_MRR180628001.csv
847,80630001,RR,SH_MRR080630001.csv
848,80713001,RR,SH_MRR180713001.csv
849,80801001,RR,SH_MRR180801001.csv
850,81014001,RR,SH_MRR081014001.csv
851,81069001,RR,SH_MRR181069001.csv
852,81081002,RR,SH_MRR081081002.csv
853,81124001,RR,SH_MRR181124001.csv
854,81140002,RR,SH_MRR181140002.csv
855,81182004,RR,SH_MRR081182004.csv
856,82038006,RR,SH_MRR182038006.csv
857,82121002,RR,SH_MRR182121002.csv
858,82174001,RR,SH_MRR182174001.csv
859,82180001,RR,SH_MRR182180001.csv
860,83004004,RR,SH_MRR183004004.csv
861,83031001,RR,SH_MRR183031001.csv
862,83043005,RR,SH_MRR183043005.csv
863,83044003,RR,SH_MRR083044003.csv
864,83050007,RR,SH_MRR083050007.csv
865,83061001,RR,SH_MRR183061001.csv
866,83069001,RR,SH_MRR083069001.csv
867,83069002,RR,SH_MRR183069002.csv
868,83074002,RR,SH_MRR183074002.csv
869,83075001,RR,SH_MRR083075001.csv
870,83080001,RR,SH_MRR083080001.csv
871,83101001,RR,SH_MRR183101001.csv
872,83102005,RR,SH_MRR183102005.csv
873,83116022,RR,SH_MRR083116022.csv
874,83137001,RR,SH_MRR283137001.csv
875,84003002,RR,SH_MRR184003002.csv
876,84007002,RR,SH_MRR384007002.csv
877,84009002,RR,SH_MRR184009002.csv
878,84025001,RR,SH_MRR184025001.csv
879,84054001,RR,SH_MRR184054001.csv
880,84064001,RR,SH_MRR184064001.csv
881,84069001,RR,SH_MRR184069001.csv
882,84074004,RR,SH_MRR184074004.csv
883,84087001,RR,SH_MRR284087001.csv
884,84107002,RR,SH_MRR184107002.csv
885,85005001,RR,SH_MRR185005001.csv
886,85051001,RR,SH_MRR285051001.csv
887,85092004,RR,SH_MRR185092004.csv
888,85109001,RR,SH_MRR285109001.csv
889,85113001,RR,SH_MRR285113001.csv
890,85163001,RR,SH_MRR185163001.csv
891,85169002,RR,SH_MRR185169002.csv
892,85190001,RR,SH_MRR185190001.csv
893,85216001,RR,SH_MRR285216001.csv
894,86015001,RR,SH_MRR186015001.csv
895,86027001,RR,SH_MRR186027001.csv
896,86032001,RR,SH_MRR186032001.csv
897,86066001,RR,SH_MRR186066001.csv
898,86078002,RR,SH_MRR186078002.csv
899,86137003,RR,SH_MRR186137003.csv
900,86139001,RR,SH_MRR186139001.csv
901,86140001,RR,SH_MRR186140001.csv
902,86152002,RR,SH_MRR086152002.csv
903,86165005,RR,SH_MRR186165005.csv
904,86273001,RR,SH_MRR186273001.csv
905,87009003,RR,SH_MRR187009003.csv
906,87011002,RR,SH_MRR287011002.csv
907,87059001,RR,SH_MRR187059001.csv
908,87089003,RR,SH_MRR187089003.csv
909,87103002,RR,SH_MRR187103002.csv
910,87106001,RR,SH_MRR287106001.csv
911,87113001,RR,SH_MRR187113001.csv
912,87146002,RR,SH_MRR187146002.csv
913,87183001,RR,SH_MRR187183001.csv
914,88075005,RR,SH_MRR088075005.csv
915,88095003,RR,SH_MRR188095003.csv
916,88136001,RR,SH_MRR188136001.csv
917,88196009,RR,SH_MRR188196009.csv
918,88201003,RR,SH_MRR088201003.csv
919,88383001,RR,SH_MRR188383001.csv
920,88393003,RR,SH_MRR088393003.csv
921,88402002,RR,SH_MRR088402002.csv
922,88408002,RR,SH_MRR188408002.csv
923,89003001,RR,SH_MRR189003001.csv
924,89014001,RR,SH_MRR189014001.csv
925,89068001,RR,SH_MRR189068001.csv
926,89086001,RR,SH_MRR189086001.csv
927,89173001,RR,SH_MRR089173001.csv
928,89206001,RR,SH_MRR289206001.csv
929,89273001,RR,SH_MRR189273001.csv
930,89279002,RR,SH_MRR189279002.csv
931,89295001,RR,SH_MRR089295001.csv
932,89342001,RR,SH_MRR189342001.csv
933,90035001,RR,SH_MRR190035001.csv
934,90056002,RR,SH_MRR190056002.csv
935,90065003,RR,SH_MRR190065003.csv
936,91027002,RR,SH_MRR191027002.csv
937,91103001,RR,SH_MRR291103001.csv
938,91275001,RR,SH_MRR191275001.csv
939,91405002,RR,SH_MRR191405002.csv
940,92073001,RR,SH_MRR292073001.csv
941,93050001,RR,SH_MRR293050001.csv
942,94042001,RR,SH_MRR194042001.csv
943,94068001,RR,SH_MRR294068001.csv
944,95078001,RR,SH_MRR295078001.csv
945,95088001,RR,SH_MRR195088001.csv
946,1089001,TN,SH_MTN101089001.csv
947,2320001,TN,SH_MTN102320001.csv
948,2705001,TN,SH_MTN002705001.csv
949,3059001,TN,SH_MTN203059001.csv
950,3060001,TN,SH_MTN303060001.csv
951,3180001,TN,SH_MTN003180001.csv
952,3204001,TN,SH_MTN203204001.csv
953,4049001,TN,SH_MTN104049001.csv
954,5007001,TN,SH_MTN105007001.csv
955,5046001,TN,SH_MTN105046001.csv
956,5098001,TN,SH_MTN105098001.csv
957,5157001,TN,SH_MTN105157001.csv
958,5183001,TN,SH_MTN105183001.csv
959,6029001,TN,SH_MTN106029001.csv
960,6088001,TN,SH_MTN106088001.csv
961,6163007,TN,SH_MTN006163007.csv
962,7010001,TN,SH_MTN107010001.csv
963,7019005,TN,SH_MTN107019005.csv
964,7064001,TN,SH_MTN107064001.csv
965,7105001,TN,SH_MTN107105001.csv
966,7128001,TN,SH_MTN107128001.csv
967,7144001,TN,SH_MTN107144001.csv
968,7159001,TN,SH_MTN107159001.csv
969,7261001,TN,SH_MTN107261001.csv
970,7265001,TN,SH_MTN107265001.csv
971,8089003,TN,SH_MTN008089003.csv
972,8145001,TN,SH_MTN008145001.csv
973,8239001,TN,SH_MTN108239001.csv
974,8255001,TN,SH_MTN008255001.csv
975,8367002,TN,SH_MTN008367002.csv
976,9023002,TN,SH_MTN109023002.csv
977,9289001,TN,SH_MTN109289001.csv
978,10057001,TN,SH_MTN110057001.csv
979,11012001,TN,SH_MTN111012001.csv
980,11069001,TN,SH_MTN211069001.csv
981,11076001,TN,SH_MTN211076001.csv
982,12253001,TN,SH_MTN112253001.csv
983,13001009,TN,SH_MTN213001009.csv
984,13047001,TN,SH_MTN213047001.csv
985,13054001,TN,SH_MTN213054001.csv
986,13103001,TN,SH_MTN113103001.csv
987,14137001,TN,SH_MTN314137001.csv
988,14239001,TN,SH_MTN114239001.csv
989,14578001,TN,SH_MTN214578001.csv
990,15050001,TN,SH_MTN015050001.csv
991,15118002,TN,SH_MTN115118002.csv
992,16089001,TN,SH_MTN216089001.csv
993,16113001,TN,SH_MTN216113001.csv
994,16279001,TN,SH_MTN016279001.csv
995,17243002,TN,SH_MTN017243002.csv
996,17300009,TN,SH_MTN017300009.csv
997,17323001,TN,SH_MTN317323001.csv
998,17339002,TN,SH_MTN017339002.csv
999,17415003,TN,SH_MTN117415003.csv
1000,18033001,TN,SH_MTN418033001.csv
1001,18092001,TN,SH_MTN218092001.csv
1002,18223003,TN,SH_MTN118223003.csv
1003,18279001,TN,SH_MTN018279001.csv
1004,19275001,TN,SH_MTN119275001.csv
1005,20004002,TN,SH_MTN120004002.csv
1006,20041001,TN,SH_MTN120041001.csv
1007,20050001,TN,SH_MTN120050001.csv
1008,20107001,TN,SH_MTN120107001.csv
1009,20148001,TN,SH_MTN120148001.csv
1010,21154001,TN,SH_MTN421154001.csv
1011,21473001,TN,SH_MTN321473001.csv
1012,21527001,TN,SH_MTN121527001.csv
1013,21638002,TN,SH_MTN121638002.csv
1014,22016001,TN,SH_MTN122016001.csv
1015,22168001,TN,SH_MTN122168001.csv
1016,22266001,TN,SH_MTN022266001.csv
1017,22282001,TN,SH_MTN122282001.csv
1018,22372001,TN,SH_MTN022372001.csv
1019,23030004,TN,SH_MTN123030004.csv
1020,23067001,TN,SH_MTN123067001.csv
1021,24037005,TN,SH_MTN024037005.csv
1022,24138004,TN,SH_MTN024138004.csv
1023,25021001,TN,SH_MTN225021001.csv
1024,25056001,TN,SH_MTN325056001.csv
1025,25462001,TN,SH_MTN025462001.csv
1026,26168001,TN,SH_MTN126168001.csv
1027,26198001,TN,SH_MTN226198001.csv
1028,26295001,TN,SH_MTN026295001.csv
1029,26307001,TN,SH_MTN126307001.csv
1030,26330001,TN,SH_MTN126330001.csv
1031,27112001,TN,SH_MTN127112001.csv
1032,27306001,TN,SH_MTN227306001.csv
1033,28064002,TN,SH_MTN028064002.csv
1034,28070001,TN,SH_MTN328070001.csv
1035,28195001,TN,SH_MTN228195001.csv
1036,28198001,TN,SH_MTN228198001.csv
1037,28322001,TN,SH_MTN028322001.csv
1038,28363001,TN,SH_MTN128363001.csv
1039,29022001,TN,SH_MTN029022001.csv
1040,29075001,TN,SH_MTN129075001.csv
1041,29082001,TN,SH_MTN229082001.csv
1042,29120001,TN,SH_MTN129120001.csv
1043,29155005,TN,SH_MTN129155005.csv
1044,29168001,TN,SH_MTN029168001.csv
1045,30076001,TN,SH_MTN030076001.csv
1046,30189001,TN,SH_MTN230189001.csv
1047,30269006,TN,SH_MTN130269006.csv
1048,30305001,TN,SH_MTN130305001.csv
1049,30339001,TN,SH_MTN130339001.csv
1050,31042012,TN,SH_MTN031042012.csv
1051,31069001,TN,SH_MTN331069001.csv
1052,31157001,TN,SH_MTN231157001.csv
1053,31403002,TN,SH_MTN231403002.csv
1054,32013005,TN,SH_MTN332013005.csv
1055,33063001,TN,SH_MTN033063001.csv
1056,33214002,TN,SH_MTN033214002.csv
1057,33236002,TN,SH_MTN133236002.csv
1058,33281001,TN,SH_MTN133281001.csv
1059,33504001,TN,SH_MTN133504001.csv
1060,33529001,TN,SH_MTN133529001.csv
1061,33550001,TN,SH_MTN133550001.csv
1062,34154001,TN,SH_MTN234154001.csv
1063,34301002,TN,SH_MTN234301002.csv
1064,35110003,TN,SH_MTN035110003.csv
1065,35228001,TN,SH_MTN135228001.csv
1066,35281001,TN,SH_MTN235281001.csv
1067,36063001,TN,SH_MTN236063001.csv
1068,37003001,TN,SH_MTN037003001.csv
1069,37179001,TN,SH_MTN237179001.csv
1070,38242001,TN,SH_MTN138242001.csv
1071,38299001,TN,SH_MTN138299001.csv
1072,38366001,TN,SH_MTN038366001.csv
1073,38442001,TN,SH_MTN138442001.csv
1074,38548001,TN,SH_MTN138548001.csv
1075,39013004,TN,SH_MTN139013004.csv
1076,39198001,TN,SH_MTN239198001.csv
1077,40088001,TN,SH_MTN240088001.csv
1078,40192001,TN,SH_MTN240192001.csv
1079,40272002,TN,SH_MTN140272002.csv
1080,40304001,TN,SH_MTN240304001.csv
1081,41097001,TN,SH_MTN241097001.csv
1082,42005001,TN,SH_MTN242005001.csv
1083,42098001,TN,SH_MTN042098001.csv
1084,43046001,TN,SH_MTN243046001.csv
1085,43096001,TN,SH_MTN143096001.csv
1086,44020001,TN,SH_MTN244020001.csv
1087,44110002,TN,SH_MTN044110002.csv
1088,45055001,TN,SH_MTN245055001.csv
1089,45270002,TN,SH_MTN045270002.csv
1090,46127001,TN,SH_MTN246127001.csv
1091,47091001,TN,SH_MTN247091001.csv
1092,49020001,TN,SH_MTN149020001.csv
1093,49027001,TN,SH_MTN149027001.csv
1094,49281001,TN,SH_MTN249281001.csv
1095,49328001,TN,SH_MTN249328001.csv
1096,50020001,TN,SH_MTN250020001.csv
1097,51262001,TN,SH_MTN051262001.csv
1098,52123003,TN,SH_MTN152123003.csv
1099,52145001,TN,SH_MTN252145001.csv
1100,52197003,TN,SH_MTN252197003.csv
1101,52269001,TN,SH_MTN352269001.csv
1102,52332001,TN,SH_MTN152332001.csv
1103,52448001,TN,SH_MTN152448001.csv
1104,52469001,TN,SH_MTN052469001.csv
1105,53097001,TN,SH_MTN153097001.csv
1106,53147001,TN,SH_MTN053147001.csv
1107,53185001,TN,SH_MTN153185001.csv
1108,54040001,TN,SH_MTN154040001.csv
1109,54405001,TN,SH_MTN154405001.csv
1110,54526001,TN,SH_MTN254526001.csv
1111,56009001,TN,SH_MTN156009001.csv
1112,56069001,TN,SH_MTN256069001.csv
1113,56165003,TN,SH_MTN056165003.csv
1114,56185001,TN,SH_MTN156185001.csv
1115,57039001,TN,SH_MTN257039001.csv
1116,57168001,TN,SH_MTN357168001.csv
1117,58160001,TN,SH_MTN358160001.csv
1118,59183001,TN,SH_MTN459183001.csv
1119,59343001,TN,SH_MTN459343001.csv
1120,60107001,TN,SH_MTN060107001.csv
1121,60639001,TN,SH_MTN260639001.csv
1122,61001001,TN,SH_MTN161001001.csv
1123,62160001,TN,SH_MTN462160001.csv
1124,62298001,TN,SH_MTN262298001.csv
1125,62826001,TN,SH_MTN262826001.csv
1126,63113001,TN,SH_MTN263113001.csv
1127,63426001,TN,SH_MTN063426001.csv
1128,64024001,TN,SH_MTN264024001.csv
1129,64068001,TN,SH_MTN064068001.csv
1130,64189001,TN,SH_MTN164189001.csv
1131,64549001,TN,SH_MTN264549001.csv
1132,65258001,TN,SH_MTN165258001.csv
1133,65304001,TN,SH_MTN165304001.csv
1134,65344001,TN,SH_MTN165344001.csv
1135,66136001,TN,SH_MTN266136001.csv
1136,66148001,TN,SH_MTN166148001.csv
1137,67124001,TN,SH_MTN367124001.csv
1138,67482001,TN,SH_MTN367482001.csv
1139,67498001,TN,SH_MTN167498001.csv
1140,68205001,TN,SH_MTN168205001.csv
1141,68224006,TN,SH_MTN268224006.csv
1142,68297001,TN,SH_MTN268297001.csv
1143,69029001,TN,SH_MTN269029001.csv
1144,69141001,TN,SH_MTN269141001.csv
1145,69196001,TN,SH_MTN169196001.csv
1146,69204002,TN,SH_MTN269204002.csv
1147,70006001,TN,SH_MTN270006001.csv
1148,70473001,TN,SH_MTN270473001.csv
1149,71105001,TN,SH_MTN171105001.csv
1150,71320001,TN,SH_MTN171320001.csv
1151,71482001,TN,SH_MTN171482001.csv
1152,71491001,TN,SH_MTN171491001.csv
1153,72093001,TN,SH_MTN172093001.csv
1154,72181001,TN,SH_MTN272181001.csv
1155,72357001,TN,SH_MTN072357001.csv
1156,73026001,TN,SH_MTN173026001.csv
1157,73034002,TN,SH_MTN173034002.csv
1158,73054001,TN,SH_MTN173054001.csv
1159,73064001,TN,SH_MTN073064001.csv
1160,74087001,TN,SH_MTN074087001.csv
1161,74093001,TN,SH_MTN274093001.csv
1162,74137001,TN,SH_MTN174137001.csv
1163,74280001,TN,SH_MTN174280001.csv
1164,74281001,TN,SH_MTN174281001.csv
1165,75114001,TN,SH_MTN475114001.csv
1166,76116001,TN,SH_MTN176116001.csv
1167,76217001,TN,SH_MTN276217001.csv
1168,76259001,TN,SH_MTN276259001.csv
1169,76302002,TN,SH_MTN176302002.csv
1170,76552001,TN,SH_MTN476552001.csv
1171,77211001,TN,SH_MTN077211001.csv
1172,77306001,TN,SH_MTN277306001.csv
1173,77333003,TN,SH_MTN177333003.csv
1174,78621001,TN,SH_MTN378621001.csv
1175,78640001,TN,SH_MTN378640001.csv
1176,79176001,TN,SH_MTN279176001.csv
1177,79191005,TN,SH_MTN279191005.csv
1178,79220002,TN,SH_MTN079220002.csv
1179,79320002,TN,SH_MTN079320002.csv
1180,80001001,TN,SH_MTN380001001.csv
1181,80182003,TN,SH_MTN080182003.csv
1182,80379002,TN,SH_MTN180379002.csv
1183,80606002,TN,SH_MTN180606002.csv
1184,80682001,TN,SH_MTN080682001.csv
1185,81081002,TN,SH_MTN081081002.csv
1186,81124001,TN,SH_MTN181124001.csv
1187,82121002,TN,SH_MTN282121002.csv
1188,83031001,TN,SH_MTN183031001.csv
1189,83061001,TN,SH_MTN183061001.csv
1190,83069001,TN,SH_MTN183069001.csv
1191,83069002,TN,SH_MTN183069002.csv
1192,83137001,TN,SH_MTN283137001.csv
1193,83145001,TN,SH_MTN083145001.csv
1194,84003002,TN,SH_MTN184003002.csv
1195,84087001,TN,SH_MTN284087001.csv
1196,85113001,TN,SH_MTN185113001.csv
1197,85152001,TN,SH_MTN185152001.csv
1198,85163001,TN,SH_MTN085163001.csv
1199,85216001,TN,SH_MTN285216001.csv
1200,86027001,TN,SH_MTN386027001.csv
1201,86039001,TN,SH_MTN186039001.csv
1202,87106001,TN,SH_MTN187106001.csv
1203,87113001,TN,SH_MTN187113001.csv
1204,88136001,TN,SH_MTN188136001.csv
1205,88196009,TN,SH_MTN088196009.csv
1206,89295001,TN,SH_MTN189295001.csv
1207,89333001,TN,SH_MTN089333001.csv
1208,89387002,TN,SH_MTN189387002.csv
1209,90035001,TN,SH_MTN190035001.csv
1210,91027002,TN,SH_MTN291027002.csv
1211,91103001,TN,SH_MTN291103001.csv
1212,91184001,TN,SH_MTN091184001.csv
1213,94068001,TN,SH_MTN394068001.csv
1214,95078001,TN,SH_MTN295078001.csv
1215,95088001,TN,SH_MTN395088001.csv
1216,1089001,TX,SH_MTX101089001.csv
1217,2320001,TX,SH_MTX102320001.csv
1218,3059001,TX,SH_MTX103059001.csv
1219,3060001,TX,SH_MTX303060001.csv
1220,3180001,TX,SH_MTX003180001.csv
1221,3204001,TX,SH_MTX203204001.csv
1222,4019001,TX,SH_MTX004019001.csv
1223,4049001,TX,SH_MTX104049001.csv
1224,5046001,TX,SH_MTX105046001.csv
1225,5064001,TX,SH_MTX105064001.csv
1226,5079001,TX,SH_MTX105079001.csv
1227,5098001,TX,SH_MTX105098001.csv
1228,5142001,TX,SH_MTX105142001.csv
1229,5157001,TX,SH_MTX105157001.csv
1230,5183001,TX,SH_MTX105183001.csv
1231,6004009,TX,SH_MTX106004009.csv
1232,6029001,TX,SH_MTX106029001.csv
1233,6088001,TX,SH_MTX106088001.csv
1234,6152002,TX,SH_MTX106152002.csv
1235,7019005,TX,SH_MTX107019005.csv
1236,7064001,TX,SH_MTX107064001.csv
1237,7105001,TX,SH_MTX107105001.csv
1238,7128001,TX,SH_MTX107128001.csv
1239,7144001,TX,SH_MTX107144001.csv
1240,7159001,TX,SH_MTX107159001.csv
1241,7261001,TX,SH_MTX107261001.csv
1242,7338001,TX,SH_MTX107338001.csv
1243,8145001,TX,SH_MTX008145001.csv
1244,8239001,TX,SH_MTX108239001.csv
1245,8255001,TX,SH_MTX108255001.csv
1246,9023002,TX,SH_MTX109023002.csv
1247,9289001,TX,SH_MTX109289001.csv
1248,10057001,TX,SH_MTX110057001.csv
1249,11012001,TX,SH_MTX111012001.csv
1250,11069001,TX,SH_MTX211069001.csv
1251,11076001,TX,SH_MTX211076001.csv
1252,12154003,TX,SH_MTX012154003.csv
1253,12253001,TX,SH_MTX112253001.csv
1254,13001009,TX,SH_MTX213001009.csv
1255,13047001,TX,SH_MTX213047001.csv
1256,13054001,TX,SH_MTX213054001.csv
1257,13099001,TX,SH_MTX113099001.csv
1258,13103001,TX,SH_MTX113103001.csv
1259,14137001,TX,SH_MTX314137001.csv
1260,14578001,TX,SH_MTX214578001.csv
1261,15050001,TX,SH_MTX015050001.csv
1262,16089001,TX,SH_MTX216089001.csv
1263,16113001,TX,SH_MTX216113001.csv
1264,16279001,TX,SH_MTX016279001.csv
1265,17300009,TX,SH_MTX017300009.csv
1266,17323001,TX,SH_MTX317323001.csv
1267,17339002,TX,SH_MTX017339002.csv
1268,17415003,TX,SH_MTX117415003.csv
1269,18033001,TX,SH_MTX418033001.csv
1270,18092001,TX,SH_MTX218092001.csv
1271,18223003,TX,SH_MTX218223003.csv
1272,19034001,TX,SH_MTX119034001.csv
1273,19272001,TX,SH_MTX119272001.csv
1274,19275001,TX,SH_MTX119275001.csv
1275,20004002,TX,SH_MTX120004002.csv
1276,20004003,TX,SH_MTX120004003.csv
1277,20041001,TX,SH_MTX120041001.csv
1278,20050001,TX,SH_MTX120050001.csv
1279,20148001,TX,SH_MTX120148001.csv
1280,21154001,TX,SH_MTX321154001.csv
1281,21473001,TX,SH_MTX321473001.csv
1282,22016001,TX,SH_MTX122016001.csv
1283,22147006,TX,SH_MTX022147006.csv
1284,22168001,TX,SH_MTX122168001.csv
1285,22266001,TX,SH_MTX022266001.csv
1286,22282001,TX,SH_MTX122282001.csv
1287,22372001,TX,SH_MTX022372001.csv
1288,23067001,TX,SH_MTX123067001.csv
1289,24037005,TX,SH_MTX024037005.csv
1290,25021001,TX,SH_MTX225021001.csv
1291,25056001,TX,SH_MTX325056001.csv
1292,25127001,TX,SH_MTX025127001.csv
1293,25170001,TX,SH_MTX025170001.csv
1294,25219002,TX,SH_MTX025219002.csv
1295,25512001,TX,SH_MTX025512001.csv
1296,26116002,TX,SH_MTX026116002.csv
1297,26168001,TX,SH_MTX126168001.csv
1298,26198001,TX,SH_MTX226198001.csv
1299,26295001,TX,SH_MTX026295001.csv
1300,26307001,TX,SH_MTX126307001.csv
1301,26330001,TX,SH_MTX126330001.csv
1302,27112001,TX,SH_MTX127112001.csv
1303,27306001,TX,SH_MTX227306001.csv
1304,28070001,TX,SH_MTX328070001.csv
1305,28195001,TX,SH_MTX228195001.csv
1306,28198001,TX,SH_MTX228198001.csv
1307,28322001,TX,SH_MTX228322001.csv
1308,28363001,TX,SH_MTX228363001.csv
1309,29022001,TX,SH_MTX029022001.csv
1310,29075001,TX,SH_MTX129075001.csv
1311,29082001,TX,SH_MTX229082001.csv
1312,29120001,TX,SH_MTX129120001.csv
1313,29155005,TX,SH_MTX129155005.csv
1314,29168001,TX,SH_MTX029168001.csv
1315,30076001,TX,SH_MTX030076001.csv
1316,30189001,TX,SH_MTX230189001.csv
1317,30243001,TX,SH_MTX130243001.csv
1318,30269006,TX,SH_MTX030269006.csv
1319,30305001,TX,SH_MTX130305001.csv
1320,30339001,TX,SH_MTX130339001.csv
1321,31042012,TX,SH_MTX131042012.csv
1322,31069001,TX,SH_MTX331069001.csv
1323,31157001,TX,SH_MTX231157001.csv
1324,31403002,TX,SH_MTX231403002.csv
1325,32013005,TX,SH_MTX332013005.csv
1326,33063001,TX,SH_MTX133063001.csv
1327,33236002,TX,SH_MTX133236002.csv
1328,33281001,TX,SH_MTX133281001.csv
1329,33529001,TX,SH_MTX133529001.csv
1330,33550001,TX,SH_MTX133550001.csv
1331,34154001,TX,SH_MTX234154001.csv
1332,34301002,TX,SH_MTX234301002.csv
1333,35110003,TX,SH_MTX035110003.csv
1334,35228001,TX,SH_MTX135228001.csv
1335,35281001,TX,SH_MTX235281001.csv
1336,36063001,TX,SH_MTX336063001.csv
1337,36208001,TX,SH_MTX136208001.csv
1338,37003001,TX,SH_MTX037003001.csv
1339,37179001,TX,SH_MTX237179001.csv
1340,38040001,TX,SH_MTX138040001.csv
1341,38242001,TX,SH_MTX138242001.csv
1342,38299001,TX,SH_MTX138299001.csv
1343,38366001,TX,SH_MTX038366001.csv
1344,38442001,TX,SH_MTX138442001.csv
1345,38538002,TX,SH_MTX138538002.csv
1346,38548001,TX,SH_MTX138548001.csv
1347,39159002,TX,SH_MTX239159002.csv
1348,40088001,TX,SH_MTX240088001.csv
1349,40192001,TX,SH_MTX240192001.csv
1350,40272002,TX,SH_MTX140272002.csv
1351,40304001,TX,SH_MTX240304001.csv
1352,41097001,TX,SH_MTX241097001.csv
1353,42005001,TX,SH_MTX242005001.csv
1354,42059001,TX,SH_MTX042059001.csv
1355,42152001,TX,SH_MTX042152001.csv
1356,42299001,TX,SH_MTX042299001.csv
1357,43046001,TX,SH_MTX243046001.csv
1358,44020001,TX,SH_MTX244020001.csv
1359,44103001,TX,SH_MTX044103001.csv
1360,44110002,TX,SH_MTX044110002.csv
1361,45055001,TX,SH_MTX345055001.csv
1362,45069001,TX,SH_MTX245069001.csv
1363,45270002,TX,SH_MTX145270002.csv
1364,45340002,TX,SH_MTX145340002.csv
1365,46127001,TX,SH_MTX246127001.csv
1366,47091001,TX,SH_MTX247091001.csv
1367,49020001,TX,SH_MTX149020001.csv
1368,49027001,TX,SH_MTX249027001.csv
1369,49281001,TX,SH_MTX149281001.csv
1370,49328001,TX,SH_MTX249328001.csv
1371,50020001,TX,SH_MTX250020001.csv
1372,50277001,TX,SH_MTX050277001.csv
1373,51545001,TX,SH_MTX051545001.csv
1374,52145001,TX,SH_MTX252145001.csv
1375,52197003,TX,SH_MTX252197003.csv
1376,52269001,TX,SH_MTX352269001.csv
1377,52448001,TX,SH_MTX152448001.csv
1378,52469001,TX,SH_MTX052469001.csv
1379,53097001,TX,SH_MTX153097001.csv
1380,53147001,TX,SH_MTX053147001.csv
1381,53185001,TX,SH_MTX153185001.csv
1382,54040001,TX,SH_MTX154040001.csv
1383,54405001,TX,SH_MTX154405001.csv
1384,54526001,TX,SH_MTX254526001.csv
1385,55179001,TX,SH_MTX255179001.csv
1386,56009001,TX,SH_MTX156009001.csv
1387,56069001,TX,SH_MTX256069001.csv
1388,56165003,TX,SH_MTX056165003.csv
1389,56185001,TX,SH_MTX156185001.csv
1390,57039001,TX,SH_MTX257039001.csv
1391,57168001,TX,SH_MTX357168001.csv
1392,58062001,TX,SH_MTX258062001.csv
1393,58160001,TX,SH_MTX258160001.csv
1394,59183001,TX,SH_MTX459183001.csv
1395,59343001,TX,SH_MTX459343001.csv
1396,60107001,TX,SH_MTX060107001.csv
1397,60382001,TX,SH_MTX060382001.csv
1398,60639001,TX,SH_MTX260639001.csv
1399,61001001,TX,SH_MTX161001001.csv
1400,62160001,TX,SH_MTX462160001.csv
1401,62298001,TX,SH_MTX262298001.csv
1402,62826001,TX,SH_MTX262826001.csv
1403,63003004,TX,SH_MTX163003004.csv
1404,63113001,TX,SH_MTX263113001.csv
1405,63223001,TX,SH_MTX063223001.csv
1406,63426001,TX,SH_MTX163426001.csv
1407,64024001,TX,SH_MTX264024001.csv
1408,64189001,TX,SH_MTX164189001.csv
1409,64320003,TX,SH_MTX064320003.csv
1410,64549001,TX,SH_MTX264549001.csv
1411,65344001,TX,SH_MTX165344001.csv
1412,66136001,TX,SH_MTX266136001.csv
1413,66148001,TX,SH_MTX166148001.csv
1414,67124001,TX,SH_MTX367124001.csv
1415,67482001,TX,SH_MTX367482001.csv
1416,67498001,TX,SH_MTX167498001.csv
1417,68066001,TX,SH_MTX268066001.csv
1418,68205001,TX,SH_MTX268205001.csv
1419,68224006,TX,SH_MTX268224006.csv
1420,68297001,TX,SH_MTX268297001.csv
1421,69029001,TX,SH_MTX269029001.csv
1422,69141001,TX,SH_MTX269141001.csv
1423,69196001,TX,SH_MTX169196001.csv
1424,69204002,TX,SH_MTX269204002.csv
1425,69264001,TX,SH_MTX169264001.csv
1426,70006001,TX,SH_MTX270006001.csv
1427,70104001,TX,SH_MTX170104001.csv
1428,70165001,TX,SH_MTX270165001.csv
1429,70473001,TX,SH_MTX270473001.csv
1430,71105001,TX,SH_MTX171105001.csv
1431,71320001,TX,SH_MTX171320001.csv
1432,71491001,TX,SH_MTX171491001.csv
1433,72093001,TX,SH_MTX172093001.csv
1434,72181001,TX,SH_MTX272181001.csv
1435,72357001,TX,SH_MTX072357001.csv
1436,73026001,TX,SH_MTX173026001.csv
1437,73034002,TX,SH_MTX173034002.csv
1438,73054001,TX,SH_MTX173054001.csv
1439,73064001,TX,SH_MTX173064001.csv
1440,73146001,TX,SH_MTX073146001.csv
1441,73197001,TX,SH_MTX173197001.csv
1442,73290002,TX,SH_MTX173290002.csv
1443,73306005,TX,SH_MTX173306005.csv
1444,74024001,TX,SH_MTX074024001.csv
1445,74087001,TX,SH_MTX074087001.csv
1446,74093001,TX,SH_MTX174093001.csv
1447,74280001,TX,SH_MTX174280001.csv
1448,74281001,TX,SH_MTX074281001.csv
1449,75114001,TX,SH_MTX475114001.csv
1450,76116001,TX,SH_MTX176116001.csv
1451,76217001,TX,SH_MTX276217001.csv
1452,76259001,TX,SH_MTX276259001.csv
1453,76552001,TX,SH_MTX376552001.csv
1454,77186002,TX,SH_MTX277186002.csv
1455,77211001,TX,SH_MTX077211001.csv
1456,77306001,TX,SH_MTX277306001.csv
1457,77333003,TX,SH_MTX177333003.csv
1458,78621001,TX,SH_MTX378621001.csv
1459,78640001,TX,SH_MTX378640001.csv
1460,79176001,TX,SH_MTX179176001.csv
1461,79191005,TX,SH_MTX279191005.csv
1462,79220002,TX,SH_MTX079220002.csv
1463,80001001,TX,SH_MTX380001001.csv
1464,80379002,TX,SH_MTX280379002.csv
1465,81081002,TX,SH_MTX181081002.csv
1466,81124001,TX,SH_MTX081124001.csv
1467,82121002,TX,SH_MTX282121002.csv
1468,82180001,TX,SH_MTX082180001.csv
1469,83031001,TX,SH_MTX183031001.csv
1470,83050007,TX,SH_MTX083050007.csv
1471,83061001,TX,SH_MTX183061001.csv
1472,83069001,TX,SH_MTX183069001.csv
1473,83145001,TX,SH_MTX083145001.csv
1474,84003002,TX,SH_MTX184003002.csv
1475,84007002,TX,SH_MTX184007002.csv
1476,84007005,TX,SH_MTX084007005.csv
1477,84025001,TX,SH_MTX084025001.csv
1478,84087001,TX,SH_MTX284087001.csv
1479,85051001,TX,SH_MTX285051001.csv
1480,85113001,TX,SH_MTX185113001.csv
1481,85216001,TX,SH_MTX285216001.csv
1482,86027001,TX,SH_MTX386027001.csv
1483,86289001,TX,SH_MTX186289001.csv
1484,87103002,TX,SH_MTX087103002.csv
1485,87106001,TX,SH_MTX187106001.csv
1486,87113001,TX,SH_MTX187113001.csv
1487,88136001,TX,SH_MTX188136001.csv
1488,89295001,TX,SH_MTX189295001.csv
1489,89333001,TX,SH_MTX189333001.csv
1490,89387002,TX,SH_MTX289387002.csv
1491,90035001,TX,SH_MTX190035001.csv
1492,91027002,TX,SH_MTX291027002.csv
1493,91103001,TX,SH_MTX291103001.csv
1494,91184001,TX,SH_MTX091184001.csv
1495,94068001,TX,SH_MTX394068001.csv
1496,95078001,TX,SH_MTX295078001.csv
1497,95088001,TX,SH_MTX395088001.csv
